Workbook
Name AP: DashBoard!$AT$23:$BC$36
Name APpercent: DashBoard!$AT$48:$AZ$60
Name DMC_AP: DashBoard!A$66:P$78
Name DMC_RN: DashBoard!$AT$83:$BF$95
Name mySortCriteria: DashBoard!$AU$117
Name RN: DashBoard!$AT$3:$BE$15

Sheet DashBoard
B2: =CONCATENATE(parameters!C2," Dashboard",parameters!C3) -> Sample Travel Site Dashboard | AY2: Based on Budgetd | BA2: Normalized | BF2: 1 | BJ2: 2 | BK2: 3 | BL2: 4 | BM2: 5 | BN2: 6 | BO2: 7 | BP2: 8 | BQ2: 9 | BR2: 10 | BS2: 11 | BT2: 12 | BU2: 13 | BV2: 14 | BW2: 15 | BX2: 16 | BY2: 17 | BZ2: 18 | CA2: 19 | CB2: 20
AT3: RN | AU3: Actual | AV3: Budgeted | AW3: Last Year | AX3: YTD | AY3: Bad | AZ3: Ok | BA3: Last Year | BB3: RN | BC3: Total | BD3: Bad | BE3: Ok
AK4: Choose Month | AT4: 44652 | AU4: 25 | AV4: 50 | AW4: 31 | AX4: =AU4 -> 25 | AY4: =ROUND(AV4*parameters!$C$6,0) -> 25 | AZ4: =ROUND(AV4*parameters!$C$7,0) -> 40 | BA4: =ROUND((AW4/AV4)*20,0) -> 12 | BB4: =ROUND((AU4/AV4)*20,0) -> 10 | BC4: 20 | BD4: =ROUND((AY4/AV4)*20,0) -> 10 | BE4: =ROUND((AZ4/AV4)*20,0) -> 16 | BF4: =IF(BF$2=$BA4,IF(BF$2<=$BB4,parameters!$H$7,parameters!$I$7),IF(BF$2<=$BB4,parameters!$G$7,"")) -> ─ | BJ4: =IF(BJ$2=$BA4,IF(BJ$2<=$BB4,parameters!$H$7,parameters!$I$7),IF(BJ$2<=$BB4,parameters!$G$7,"")) -> ─ | BK4: =IF(BK$2=$BA4,IF(BK$2<=$BB4,parameters!$H$7,parameters!$I$7),IF(BK$2<=$BB4,parameters!$G$7,"")) -> ─ | BL4: =IF(BL$2=$BA4,IF(BL$2<=$BB4,parameters!$H$7,parameters!$I$7),IF(BL$2<=$BB4,parameters!$G$7,"")) -> ─ | BM4: =IF(BM$2=$BA4,IF(BM$2<=$BB4,parameters!$H$7,parameters!$I$7),IF(BM$2<=$BB4,parameters!$G$7,"")) -> ─ | BN4: =IF(BN$2=$BA4,IF(BN$2<=$BB4,parameters!$H$7,parameters!$I$7),IF(BN$2<=$BB4,parameters!$G$7,"")) -> ─ | BO4: =IF(BO$2=$BA4,IF(BO$2<=$BB4,parameters!$H$7,parameters!$I$7),IF(BO$2<=$BB4,parameters!$G$7,"")) -> ─ | BP4: =IF(BP$2=$BA4,IF(BP$2<=$BB4,parameters!$H$7,parameters!$I$7),IF(BP$2<=$BB4,parameters!$G$7,"")) -> ─ | BQ4: =IF(BQ$2=$BA4,IF(BQ$2<=$BB4,parameters!$H$7,parameters!$I$7),IF(BQ$2<=$BB4,parameters!$G$7,"")) -> ─ | ... CB4: =IF(CB$2=$BA4,IF(CB$2<=$BB4,parameters!$H$7,parameters!$I$7),IF(CB$2<=$BB4,parameters!$G$7,""))
AT5: 44682 | AU5: 37 | AV5: 50 | AW5: 29 | AX5: =IF(AU5=0,0,AX4+AU5) -> 62 | AY5: =ROUND(AV5*parameters!$C$6,0) -> 25 | AZ5: =ROUND(AV5*parameters!$C$7,0) -> 40 | BA5: =ROUND((AW5/AV5)*20,0) -> 12 | BB5: =ROUND((AU5/AV5)*20,0) -> 15 | BC5: 20 | BD5: =ROUND((AY5/AV5)*20,0) -> 10 | BE5: =ROUND((AZ5/AV5)*20,0) -> 16 | BF5: =IF(BF$2=$BA5,IF(BF$2<=$BB5,parameters!$H$7,parameters!$I$7),IF(BF$2<=$BB5,parameters!$G$7,"")) -> ─ | BJ5: =IF(BJ$2=$BA5,IF(BJ$2<=$BB5,parameters!$H$7,parameters!$I$7),IF(BJ$2<=$BB5,parameters!$G$7,"")) -> ─ | BK5: =IF(BK$2=$BA5,IF(BK$2<=$BB5,parameters!$H$7,parameters!$I$7),IF(BK$2<=$BB5,parameters!$G$7,"")) -> ─ | BL5: =IF(BL$2=$BA5,IF(BL$2<=$BB5,parameters!$H$7,parameters!$I$7),IF(BL$2<=$BB5,parameters!$G$7,"")) -> ─ | BM5: =IF(BM$2=$BA5,IF(BM$2<=$BB5,parameters!$H$7,parameters!$I$7),IF(BM$2<=$BB5,parameters!$G$7,"")) -> ─ | BN5: =IF(BN$2=$BA5,IF(BN$2<=$BB5,parameters!$H$7,parameters!$I$7),IF(BN$2<=$BB5,parameters!$G$7,"")) -> ─ | BO5: =IF(BO$2=$BA5,IF(BO$2<=$BB5,parameters!$H$7,parameters!$I$7),IF(BO$2<=$BB5,parameters!$G$7,"")) -> ─ | BP5: =IF(BP$2=$BA5,IF(BP$2<=$BB5,parameters!$H$7,parameters!$I$7),IF(BP$2<=$BB5,parameters!$G$7,"")) -> ─ | BQ5: =IF(BQ$2=$BA5,IF(BQ$2<=$BB5,parameters!$H$7,parameters!$I$7),IF(BQ$2<=$BB5,parameters!$G$7,"")) -> ─ | ... CB5: =IF(CB$2=$BA5,IF(CB$2<=$BB5,parameters!$H$7,parameters!$I$7),IF(CB$2<=$BB5,parameters!$G$7,""))
B6: KPI | C6: Room Night | F6: GOR | L6: A&P Spent | X6: A&P % | AD6: =CONCATENATE("We need ",ROUND((D12-C12)/(30-DAY(TODAY())),0)," RN per day to hit Target") -> We need 1 RN per day to hit Target | AT6: 44713 | AU6: 68 | AV6: 48 | AW6: 2 | AX6: =IF(AU6=0,0,AX5+AU6) -> 130 | AY6: =ROUND(AV6*parameters!$C$6,0) -> 24 | AZ6: =ROUND(AV6*parameters!$C$7,0) -> 38 | BA6: =ROUND((AW6/AV6)*20,0) -> 1 | BB6: =ROUND((AU6/AV6)*20,0) -> 28 | BC6: 20 | BD6: =ROUND((AY6/AV6)*20,0) -> 10 | BE6: =ROUND((AZ6/AV6)*20,0) -> 16 | BF6: =IF(BF$2=$BA6,IF(BF$2<=$BB6,parameters!$H$7,parameters!$I$7),IF(BF$2<=$BB6,parameters!$G$7,"")) -> ┼ | BJ6: =IF(BJ$2=$BA6,IF(BJ$2<=$BB6,parameters!$H$7,parameters!$I$7),IF(BJ$2<=$BB6,parameters!$G$7,"")) -> ─ | BK6: =IF(BK$2=$BA6,IF(BK$2<=$BB6,parameters!$H$7,parameters!$I$7),IF(BK$2<=$BB6,parameters!$G$7,"")) -> ─ | BL6: =IF(BL$2=$BA6,IF(BL$2<=$BB6,parameters!$H$7,parameters!$I$7),IF(BL$2<=$BB6,parameters!$G$7,"")) -> ─ | BM6: =IF(BM$2=$BA6,IF(BM$2<=$BB6,parameters!$H$7,parameters!$I$7),IF(BM$2<=$BB6,parameters!$G$7,"")) -> ─ | BN6: =IF(BN$2=$BA6,IF(BN$2<=$BB6,parameters!$H$7,parameters!$I$7),IF(BN$2<=$BB6,parameters!$G$7,"")) -> ─ | BO6: =IF(BO$2=$BA6,IF(BO$2<=$BB6,parameters!$H$7,parameters!$I$7),IF(BO$2<=$BB6,parameters!$G$7,"")) -> ─ | BP6: =IF(BP$2=$BA6,IF(BP$2<=$BB6,parameters!$H$7,parameters!$I$7),IF(BP$2<=$BB6,parameters!$G$7,"")) -> ─ | BQ6: =IF(BQ$2=$BA6,IF(BQ$2<=$BB6,parameters!$H$7,parameters!$I$7),IF(BQ$2<=$BB6,parameters!$G$7,"")) -> ─ | ... CB6: =IF(CB$2=$BA6,IF(CB$2<=$BB6,parameters!$H$7,parameters!$I$7),IF(CB$2<=$BB6,parameters!$G$7,"")) -> ─
C7: =C12 -> 37 | F7: =C12*parameters!C4 -> 9620 | L7: =INDEX(AP,AT17+1,6) -> 5248 | X7: =L7/F7 -> 0.54553015 | AD7: ="Sales " & TEXT(AU63,"0%;0%;0%;") & " "&IF(AU63>0,"Up from previous month", "Down from previous month") -> Sales 48% Up from previous month | AJ7: =IF(AU63>0,"Let's Celebrate !!!","Work Harder!") -> Let's Celebrate !!! | AT7: 44743 | AU7: 32 | AV7: 99 | AW7: 4 | AX7: =IF(AU7=0,0,AX6+AU7) -> 162 | AY7: =ROUND(AV7*parameters!$C$6,0) -> 50 | AZ7: =ROUND(AV7*parameters!$C$7,0) -> 79 | BA7: =ROUND((AW7/AV7)*20,0) -> 1 | BB7: =ROUND((AU7/AV7)*20,0) -> 6 | BC7: 20 | BD7: =ROUND((AY7/AV7)*20,0) -> 10 | BE7: =ROUND((AZ7/AV7)*20,0) -> 16 | BF7: =IF(BF$2=$BA7,IF(BF$2<=$BB7,parameters!$H$7,parameters!$I$7),IF(BF$2<=$BB7,parameters!$G$7,"")) -> ┼ | BJ7: =IF(BJ$2=$BA7,IF(BJ$2<=$BB7,parameters!$H$7,parameters!$I$7),IF(BJ$2<=$BB7,parameters!$G$7,"")) -> ─ | BK7: =IF(BK$2=$BA7,IF(BK$2<=$BB7,parameters!$H$7,parameters!$I$7),IF(BK$2<=$BB7,parameters!$G$7,"")) -> ─ | BL7: =IF(BL$2=$BA7,IF(BL$2<=$BB7,parameters!$H$7,parameters!$I$7),IF(BL$2<=$BB7,parameters!$G$7,"")) -> ─ | BM7: =IF(BM$2=$BA7,IF(BM$2<=$BB7,parameters!$H$7,parameters!$I$7),IF(BM$2<=$BB7,parameters!$G$7,"")) -> ─ | BN7: =IF(BN$2=$BA7,IF(BN$2<=$BB7,parameters!$H$7,parameters!$I$7),IF(BN$2<=$BB7,parameters!$G$7,"")) -> ─ | BO7: =IF(BO$2=$BA7,IF(BO$2<=$BB7,parameters!$H$7,parameters!$I$7),IF(BO$2<=$BB7,parameters!$G$7,"")) | BP7: =IF(BP$2=$BA7,IF(BP$2<=$BB7,parameters!$H$7,parameters!$I$7),IF(BP$2<=$BB7,parameters!$G$7,"")) | BQ7: =IF(BQ$2=$BA7,IF(BQ$2<=$BB7,parameters!$H$7,parameters!$I$7),IF(BQ$2<=$BB7,parameters!$G$7,"")) | ... CB7: =IF(CB$2=$BA7,IF(CB$2<=$BB7,parameters!$H$7,parameters!$I$7),IF(CB$2<=$BB7,parameters!$G$7,""))
AT8: 44774 | AU8: 60 | AV8: 139 | AW8: 20 | AX8: =IF(AU8=0,0,AX7+AU8) -> 222 | AY8: =ROUND(AV8*parameters!$C$6,0) -> 70 | AZ8: =ROUND(AV8*parameters!$C$7,0) -> 111 | BA8: =ROUND((AW8/AV8)*20,0) -> 3 | BB8: =ROUND((AV8/AX8)*20,0) -> 13 | BC8: 20 | BD8: =ROUND((AY8/AV8)*20,0) -> 10 | BE8: =ROUND((AZ8/AV8)*20,0) -> 16 | BF8: =IF(BF$2=$BA8,IF(BF$2<=$BB8,parameters!$H$7,parameters!$I$7),IF(BF$2<=$BB8,parameters!$G$7,"")) -> ─ | BJ8: =IF(BJ$2=$BA8,IF(BJ$2<=$BB8,parameters!$H$7,parameters!$I$7),IF(BJ$2<=$BB8,parameters!$G$7,"")) -> ─ | BK8: =IF(BK$2=$BA8,IF(BK$2<=$BB8,parameters!$H$7,parameters!$I$7),IF(BK$2<=$BB8,parameters!$G$7,"")) -> ┼ | BL8: =IF(BL$2=$BA8,IF(BL$2<=$BB8,parameters!$H$7,parameters!$I$7),IF(BL$2<=$BB8,parameters!$G$7,"")) -> ─ | BM8: =IF(BM$2=$BA8,IF(BM$2<=$BB8,parameters!$H$7,parameters!$I$7),IF(BM$2<=$BB8,parameters!$G$7,"")) -> ─ | BN8: =IF(BN$2=$BA8,IF(BN$2<=$BB8,parameters!$H$7,parameters!$I$7),IF(BN$2<=$BB8,parameters!$G$7,"")) -> ─ | BO8: =IF(BO$2=$BA8,IF(BO$2<=$BB8,parameters!$H$7,parameters!$I$7),IF(BO$2<=$BB8,parameters!$G$7,"")) -> ─ | BP8: =IF(BP$2=$BA8,IF(BP$2<=$BB8,parameters!$H$7,parameters!$I$7),IF(BP$2<=$BB8,parameters!$G$7,"")) -> ─ | BQ8: =IF(BQ$2=$BA8,IF(BQ$2<=$BB8,parameters!$H$7,parameters!$I$7),IF(BQ$2<=$BB8,parameters!$G$7,"")) -> ─ | ... CB8: =IF(CB$2=$BA8,IF(CB$2<=$BB8,parameters!$H$7,parameters!$I$7),IF(CB$2<=$BB8,parameters!$G$7,""))
AT9: 44805 | AU9: 86 | AV9: 194 | AW9: 5 | AX9: =IF(AU9=0,0,AX8+AU9) -> 308 | AY9: =ROUND(AV9*parameters!$C$6,0) -> 97 | AZ9: =ROUND(AV9*parameters!$C$7,0) -> 155 | BA9: =ROUND((AW9/AV9)*20,0) -> 1 | BB9: =ROUND((AV9/AX9)*20,0) -> 13 | BC9: 20 | BD9: =ROUND((AY9/AV9)*20,0) -> 10 | BE9: =ROUND((AZ9/AV9)*20,0) -> 16 | BF9: =IF(BF$2=$BA9,IF(BF$2<=$BB9,parameters!$H$7,parameters!$I$7),IF(BF$2<=$BB9,parameters!$G$7,"")) -> ┼ | BJ9: =IF(BJ$2=$BA9,IF(BJ$2<=$BB9,parameters!$H$7,parameters!$I$7),IF(BJ$2<=$BB9,parameters!$G$7,"")) -> ─ | BK9: =IF(BK$2=$BA9,IF(BK$2<=$BB9,parameters!$H$7,parameters!$I$7),IF(BK$2<=$BB9,parameters!$G$7,"")) -> ─ | BL9: =IF(BL$2=$BA9,IF(BL$2<=$BB9,parameters!$H$7,parameters!$I$7),IF(BL$2<=$BB9,parameters!$G$7,"")) -> ─ | BM9: =IF(BM$2=$BA9,IF(BM$2<=$BB9,parameters!$H$7,parameters!$I$7),IF(BM$2<=$BB9,parameters!$G$7,"")) -> ─ | BN9: =IF(BN$2=$BA9,IF(BN$2<=$BB9,parameters!$H$7,parameters!$I$7),IF(BN$2<=$BB9,parameters!$G$7,"")) -> ─ | BO9: =IF(BO$2=$BA9,IF(BO$2<=$BB9,parameters!$H$7,parameters!$I$7),IF(BO$2<=$BB9,parameters!$G$7,"")) -> ─ | BP9: =IF(BP$2=$BA9,IF(BP$2<=$BB9,parameters!$H$7,parameters!$I$7),IF(BP$2<=$BB9,parameters!$G$7,"")) -> ─ | BQ9: =IF(BQ$2=$BA9,IF(BQ$2<=$BB9,parameters!$H$7,parameters!$I$7),IF(BQ$2<=$BB9,parameters!$G$7,"")) -> ─ | ... CB9: =IF(CB$2=$BA9,IF(CB$2<=$BB9,parameters!$H$7,parameters!$I$7),IF(CB$2<=$BB9,parameters!$G$7,""))
AT10: 44835 | AU10: 120 | AV10: 272 | AW10: 26 | AX10: =IF(AU10=0,0,AX9+AU10) -> 428 | AY10: =ROUND(AV10*parameters!$C$6,0) -> 136 | AZ10: =ROUND(AV10*parameters!$C$7,0) -> 218 | BA10: =ROUND((AW10/AV10)*20,0) -> 2 | BB10: =ROUND((AV10/AX10)*20,0) -> 13 | BC10: 20 | BD10: =ROUND((AY10/AV10)*20,0) -> 10 | BE10: =ROUND((AZ10/AV10)*20,0) -> 16 | BF10: =IF(BF$2=$BA10,IF(BF$2<=$BB10,parameters!$H$7,parameters!$I$7),IF(BF$2<=$BB10,parameters!$G$7,"")) -> ─ | BJ10: =IF(BJ$2=$BA10,IF(BJ$2<=$BB10,parameters!$H$7,parameters!$I$7),IF(BJ$2<=$BB10,parameters!$G$7,"")) -> ┼ | BK10: =IF(BK$2=$BA10,IF(BK$2<=$BB10,parameters!$H$7,parameters!$I$7),IF(BK$2<=$BB10,parameters!$G$7,"")) -> ─ | BL10: =IF(BL$2=$BA10,IF(BL$2<=$BB10,parameters!$H$7,parameters!$I$7),IF(BL$2<=$BB10,parameters!$G$7,"")) -> ─ | BM10: =IF(BM$2=$BA10,IF(BM$2<=$BB10,parameters!$H$7,parameters!$I$7),IF(BM$2<=$BB10,parameters!$G$7,"")) -> ─ | BN10: =IF(BN$2=$BA10,IF(BN$2<=$BB10,parameters!$H$7,parameters!$I$7),IF(BN$2<=$BB10,parameters!$G$7,"")) -> ─ | BO10: =IF(BO$2=$BA10,IF(BO$2<=$BB10,parameters!$H$7,parameters!$I$7),IF(BO$2<=$BB10,parameters!$G$7,"")) -> ─ | BP10: =IF(BP$2=$BA10,IF(BP$2<=$BB10,parameters!$H$7,parameters!$I$7),IF(BP$2<=$BB10,parameters!$G$7,"")) -> ─ | BQ10: =IF(BQ$2=$BA10,IF(BQ$2<=$BB10,parameters!$H$7,parameters!$I$7),IF(BQ$2<=$BB10,parameters!$G$7,"")) -> ─ | ... CB10: =IF(CB$2=$BA10,IF(CB$2<=$BB10,parameters!$H$7,parameters!$I$7),IF(CB$2<=$BB10,parameters!$G$7,""))
C11: ACT | D11: ABP | E11: LY | F11: YTD | G11: VAR | L11: Bad | T11: Good | Z11: Perfect | AT11: 44866 | AU11: 350 | AV11: 658 | AW11: 53 | AX11: =IF(AU11=0,0,AX10+AU11) -> 778 | AY11: =ROUND(AV11*parameters!$C$6,0) -> 329 | AZ11: =ROUND(AV11*parameters!$C$7,0) -> 526 | BA11: =ROUND((AW11/AV11)*20,0) -> 2 | BB11: =ROUND((AV11/AX11)*20,0) -> 17 | BC11: 20 | BD11: =ROUND((AY11/AV11)*20,0) -> 10 | BE11: =ROUND((AZ11/AV11)*20,0) -> 16 | BF11: =IF(BF$2=$BA11,IF(BF$2<=$BB11,parameters!$H$7,parameters!$I$7),IF(BF$2<=$BB11,parameters!$G$7,"")) -> ─ | BJ11: =IF(BJ$2=$BA11,IF(BJ$2<=$BB11,parameters!$H$7,parameters!$I$7),IF(BJ$2<=$BB11,parameters!$G$7,"")) -> ┼ | BK11: =IF(BK$2=$BA11,IF(BK$2<=$BB11,parameters!$H$7,parameters!$I$7),IF(BK$2<=$BB11,parameters!$G$7,"")) -> ─ | BL11: =IF(BL$2=$BA11,IF(BL$2<=$BB11,parameters!$H$7,parameters!$I$7),IF(BL$2<=$BB11,parameters!$G$7,"")) -> ─ | BM11: =IF(BM$2=$BA11,IF(BM$2<=$BB11,parameters!$H$7,parameters!$I$7),IF(BM$2<=$BB11,parameters!$G$7,"")) -> ─ | BN11: =IF(BN$2=$BA11,IF(BN$2<=$BB11,parameters!$H$7,parameters!$I$7),IF(BN$2<=$BB11,parameters!$G$7,"")) -> ─ | BO11: =IF(BO$2=$BA11,IF(BO$2<=$BB11,parameters!$H$7,parameters!$I$7),IF(BO$2<=$BB11,parameters!$G$7,"")) -> ─ | BP11: =IF(BP$2=$BA11,IF(BP$2<=$BB11,parameters!$H$7,parameters!$I$7),IF(BP$2<=$BB11,parameters!$G$7,"")) -> ─ | BQ11: =IF(BQ$2=$BA11,IF(BQ$2<=$BB11,parameters!$H$7,parameters!$I$7),IF(BQ$2<=$BB11,parameters!$G$7,"")) -> ─ | ... CB11: =IF(CB$2=$BA11,IF(CB$2<=$BB11,parameters!$H$7,parameters!$I$7),IF(CB$2<=$BB11,parameters!$G$7,""))
B12: RN | C12: =AU18 -> 37 | D12: =AV18 -> 50 | E12: =AW18 -> 29 | F12: =AX18 -> 62 | G12: =(C12-D12)/D12 -> -0.26 | I12: =IF(BF$2=$BA18,IF(BF$2<=$BB18,parameters!$H$7,parameters!$I$7),IF(BF$2<=$BB18,parameters!$G$7,"")) -> ─ | J12: =IF(BJ$2=$BA18,IF(BJ$2<=$BB18,parameters!$H$7,parameters!$I$7),IF(BJ$2<=$BB18,parameters!$G$7,"")) -> ─ | K12: =IF(BK$2=$BA18,IF(BK$2<=$BB18,parameters!$H$7,parameters!$I$7),IF(BK$2<=$BB18,parameters!$G$7,"")) -> ─ | L12: =IF(BL$2=$BA18,IF(BL$2<=$BB18,parameters!$H$7,parameters!$I$7),IF(BL$2<=$BB18,parameters!$G$7,"")) -> ─ | M12: =IF(BM$2=$BA18,IF(BM$2<=$BB18,parameters!$H$7,parameters!$I$7),IF(BM$2<=$BB18,parameters!$G$7,"")) -> ─ | N12: =IF(BN$2=$BA18,IF(BN$2<=$BB18,parameters!$H$7,parameters!$I$7),IF(BN$2<=$BB18,parameters!$G$7,"")) -> ─ | O12: =IF(BO$2=$BA18,IF(BO$2<=$BB18,parameters!$H$7,parameters!$I$7),IF(BO$2<=$BB18,parameters!$G$7,"")) -> ─ | P12: =IF(BP$2=$BA18,IF(BP$2<=$BB18,parameters!$H$7,parameters!$I$7),IF(BP$2<=$BB18,parameters!$G$7,"")) -> ─ | Q12: =IF(BQ$2=$BA18,IF(BQ$2<=$BB18,parameters!$H$7,parameters!$I$7),IF(BQ$2<=$BB18,parameters!$G$7,"")) -> ─ | ... AA12: =IF(CA$2=$BA18,IF(CA$2<=$BB18,parameters!$H$7,parameters!$I$7),IF(CA$2<=$BB18,parameters!$G$7,"")) | AT12: 44896 | AU12: 900 | AV12: 704 | AW12: 26 | AX12: =IF(AU12=0,0,AX11+AU12) -> 1678 | AY12: =ROUND(AV12*parameters!$C$6,0) -> 352 | AZ12: =ROUND(AV12*parameters!$C$7,0) -> 563 | BA12: =ROUND((AW12/AV12)*20,0) -> 1 | BB12: =ROUND((AV12/AX12)*20,0) -> 8 | BC12: 20 | BD12: =ROUND((AY12/AV12)*20,0) -> 10 | BE12: =ROUND((AZ12/AV12)*20,0) -> 16 | BF12: =IF(BF$2=$BA12,IF(BF$2<=$BB12,parameters!$H$7,parameters!$I$7),IF(BF$2<=$BB12,parameters!$G$7,"")) -> ┼ | BJ12: =IF(BJ$2=$BA12,IF(BJ$2<=$BB12,parameters!$H$7,parameters!$I$7),IF(BJ$2<=$BB12,parameters!$G$7,"")) -> ─ | BK12: =IF(BK$2=$BA12,IF(BK$2<=$BB12,parameters!$H$7,parameters!$I$7),IF(BK$2<=$BB12,parameters!$G$7,"")) -> ─ | BL12: =IF(BL$2=$BA12,IF(BL$2<=$BB12,parameters!$H$7,parameters!$I$7),IF(BL$2<=$BB12,parameters!$G$7,"")) -> ─ | BM12: =IF(BM$2=$BA12,IF(BM$2<=$BB12,parameters!$H$7,parameters!$I$7),IF(BM$2<=$BB12,parameters!$G$7,"")) -> ─ | BN12: =IF(BN$2=$BA12,IF(BN$2<=$BB12,parameters!$H$7,parameters!$I$7),IF(BN$2<=$BB12,parameters!$G$7,"")) -> ─ | BO12: =IF(BO$2=$BA12,IF(BO$2<=$BB12,parameters!$H$7,parameters!$I$7),IF(BO$2<=$BB12,parameters!$G$7,"")) -> ─ | BP12: =IF(BP$2=$BA12,IF(BP$2<=$BB12,parameters!$H$7,parameters!$I$7),IF(BP$2<=$BB12,parameters!$G$7,"")) -> ─ | BQ12: =IF(BQ$2=$BA12,IF(BQ$2<=$BB12,parameters!$H$7,parameters!$I$7),IF(BQ$2<=$BB12,parameters!$G$7,"")) | ... CB12: =IF(CB$2=$BA12,IF(CB$2<=$BB12,parameters!$H$7,parameters!$I$7),IF(CB$2<=$BB12,parameters!$G$7,""))
AT13: 44927 | AU13: 790 | AV13: 684 | AW13: 27 | AX13: =IF(AU13=0,0,AX12+AU13) -> 2468 | AY13: =ROUND(AV13*parameters!$C$6,0) -> 342 | AZ13: =ROUND(AV13*parameters!$C$7,0) -> 547 | BA13: =ROUND((AW13/AV13)*20,0) -> 1 | BB13: =ROUND((AV13/AX13)*20,0) -> 6 | BC13: 20 | BD13: =ROUND((AY13/AV13)*20,0) -> 10 | BE13: =ROUND((AZ13/AV13)*20,0) -> 16 | BF13: =IF(BF$2=$BA13,IF(BF$2<=$BB13,parameters!$H$7,parameters!$I$7),IF(BF$2<=$BB13,parameters!$G$7,"")) -> ┼ | BJ13: =IF(BJ$2=$BA13,IF(BJ$2<=$BB13,parameters!$H$7,parameters!$I$7),IF(BJ$2<=$BB13,parameters!$G$7,"")) -> ─ | BK13: =IF(BK$2=$BA13,IF(BK$2<=$BB13,parameters!$H$7,parameters!$I$7),IF(BK$2<=$BB13,parameters!$G$7,"")) -> ─ | BL13: =IF(BL$2=$BA13,IF(BL$2<=$BB13,parameters!$H$7,parameters!$I$7),IF(BL$2<=$BB13,parameters!$G$7,"")) -> ─ | BM13: =IF(BM$2=$BA13,IF(BM$2<=$BB13,parameters!$H$7,parameters!$I$7),IF(BM$2<=$BB13,parameters!$G$7,"")) -> ─ | BN13: =IF(BN$2=$BA13,IF(BN$2<=$BB13,parameters!$H$7,parameters!$I$7),IF(BN$2<=$BB13,parameters!$G$7,"")) -> ─ | BO13: =IF(BO$2=$BA13,IF(BO$2<=$BB13,parameters!$H$7,parameters!$I$7),IF(BO$2<=$BB13,parameters!$G$7,"")) | BP13: =IF(BP$2=$BA13,IF(BP$2<=$BB13,parameters!$H$7,parameters!$I$7),IF(BP$2<=$BB13,parameters!$G$7,"")) | BQ13: =IF(BQ$2=$BA13,IF(BQ$2<=$BB13,parameters!$H$7,parameters!$I$7),IF(BQ$2<=$BB13,parameters!$G$7,"")) | ... CB13: =IF(CB$2=$BA13,IF(CB$2<=$BB13,parameters!$H$7,parameters!$I$7),IF(CB$2<=$BB13,parameters!$G$7,""))
B14: Sales Trend | AT14: 44958 | AU14: 678 | AV14: 931 | AW14: 19 | AX14: =IF(AU14=0,0,AX13+AU14) -> 3146 | AY14: =ROUND(AV14*parameters!$C$6,0) -> 466 | AZ14: =ROUND(AV14*parameters!$C$7,0) -> 745 | BA14: =ROUND((AW14/AV14)*20,0) -> 0 | BB14: =ROUND((AV14/AX14)*20,0) -> 6 | BC14: 20 | BD14: =ROUND((AY14/AV14)*20,0) -> 10 | BE14: =ROUND((AZ14/AV14)*20,0) -> 16 | BF14: =IF(BF$2=$BA14,IF(BF$2<=$BB14,parameters!$H$7,parameters!$I$7),IF(BF$2<=$BB14,parameters!$G$7,"")) -> ─ | BJ14: =IF(BJ$2=$BA14,IF(BJ$2<=$BB14,parameters!$H$7,parameters!$I$7),IF(BJ$2<=$BB14,parameters!$G$7,"")) -> ─ | BK14: =IF(BK$2=$BA14,IF(BK$2<=$BB14,parameters!$H$7,parameters!$I$7),IF(BK$2<=$BB14,parameters!$G$7,"")) -> ─ | BL14: =IF(BL$2=$BA14,IF(BL$2<=$BB14,parameters!$H$7,parameters!$I$7),IF(BL$2<=$BB14,parameters!$G$7,"")) -> ─ | BM14: =IF(BM$2=$BA14,IF(BM$2<=$BB14,parameters!$H$7,parameters!$I$7),IF(BM$2<=$BB14,parameters!$G$7,"")) -> ─ | BN14: =IF(BN$2=$BA14,IF(BN$2<=$BB14,parameters!$H$7,parameters!$I$7),IF(BN$2<=$BB14,parameters!$G$7,"")) -> ─ | BO14: =IF(BO$2=$BA14,IF(BO$2<=$BB14,parameters!$H$7,parameters!$I$7),IF(BO$2<=$BB14,parameters!$G$7,"")) | BP14: =IF(BP$2=$BA14,IF(BP$2<=$BB14,parameters!$H$7,parameters!$I$7),IF(BP$2<=$BB14,parameters!$G$7,"")) | BQ14: =IF(BQ$2=$BA14,IF(BQ$2<=$BB14,parameters!$H$7,parameters!$I$7),IF(BQ$2<=$BB14,parameters!$G$7,"")) | ... CB14: =IF(CB$2=$BA14,IF(CB$2<=$BB14,parameters!$H$7,parameters!$I$7),IF(CB$2<=$BB14,parameters!$G$7,""))
AT15: 44986 | AU15: 900 | AV15: 1081 | AW15: 30 | AX15: =IF(AU15=0,0,AX14+AU15) -> 4046 | AY15: =ROUND(AV15*parameters!$C$6,0) -> 541 | AZ15: =ROUND(AV15*parameters!$C$7,0) -> 865 | BA15: =ROUND((AW15/AV15)*20,0) -> 1 | BB15: =ROUND((AV15/AX15)*20,0) -> 5 | BC15: 20 | BD15: =ROUND((AY15/AV15)*20,0) -> 10 | BE15: =ROUND((AZ15/AV15)*20,0) -> 16 | BF15: =IF(BF$2=$BA15,IF(BF$2<=$BB15,parameters!$H$7,parameters!$I$7),IF(BF$2<=$BB15,parameters!$G$7,"")) -> ┼ | BJ15: =IF(BJ$2=$BA15,IF(BJ$2<=$BB15,parameters!$H$7,parameters!$I$7),IF(BJ$2<=$BB15,parameters!$G$7,"")) -> ─ | BK15: =IF(BK$2=$BA15,IF(BK$2<=$BB15,parameters!$H$7,parameters!$I$7),IF(BK$2<=$BB15,parameters!$G$7,"")) -> ─ | BL15: =IF(BL$2=$BA15,IF(BL$2<=$BB15,parameters!$H$7,parameters!$I$7),IF(BL$2<=$BB15,parameters!$G$7,"")) -> ─ | BM15: =IF(BM$2=$BA15,IF(BM$2<=$BB15,parameters!$H$7,parameters!$I$7),IF(BM$2<=$BB15,parameters!$G$7,"")) -> ─ | BN15: =IF(BN$2=$BA15,IF(BN$2<=$BB15,parameters!$H$7,parameters!$I$7),IF(BN$2<=$BB15,parameters!$G$7,"")) | BO15: =IF(BO$2=$BA15,IF(BO$2<=$BB15,parameters!$H$7,parameters!$I$7),IF(BO$2<=$BB15,parameters!$G$7,"")) | BP15: =IF(BP$2=$BA15,IF(BP$2<=$BB15,parameters!$H$7,parameters!$I$7),IF(BP$2<=$BB15,parameters!$G$7,"")) | BQ15: =IF(BQ$2=$BA15,IF(BQ$2<=$BB15,parameters!$H$7,parameters!$I$7),IF(BQ$2<=$BB15,parameters!$G$7,"")) | ... CB15: =IF(CB$2=$BA15,IF(CB$2<=$BB15,parameters!$H$7,parameters!$I$7),IF(CB$2<=$BB15,parameters!$G$7,""))
AU16: =SUM(AU4:AU15) -> 4046
AT17: 2 | AU17: Actual | AV17: Budgeted | AW17: Last Year | AX17: YTD | AY17: Bad | AZ17: Ok | BA17: Last Year | BB17: RN | BC17: Total | BD17: Bad | BE17: Ok
AT18: =INDEX(RN,$AT$17+1,1) -> 44682 | AU18: =INDEX(RN,$AT$17+1,2) -> 37 | AV18: =INDEX(RN,$AT$17+1,3) -> 50 | AW18: =INDEX(RN,$AT$17+1,4) -> 29 | AX18: =INDEX(RN,$AT$17+1,5) -> 62 | AY18: =INDEX(RN,$AT$17+1,6) -> 25 | AZ18: =INDEX(RN,$AT$17+1,7) -> 40 | BA18: =INDEX(RN,$AT$17+1,8) -> 12 | BB18: =INDEX(RN,$AT$17+1,9) -> 15 | BC18: =INDEX(RN,$AT$17+1,10) -> 20 | BD18: =INDEX(RN,$AT$17+1,11) -> 10 | BE18: =INDEX(RN,$AT$17+1,12) -> 16
B20: Momentum | C20: =C12/DAY(TODAY()) -> 1.85 | D20: Room Nights Per Day | AT20: A&P Spend | BB20: ▼
C21: =INDEX(RN,$AT$17-1,1) -> RN | D21: =INDEX(RN,$AT$17,1) -> 44652 | E21: =INDEX(RN,$AT$17+1,1) -> 44682 | AU21: Total
C22: =INDEX(RN,$AT$17-1,2)/30 -> #VALUE! | D22: =INDEX(RN,$AT$17,2)/30 -> 0.83333333 | E22: =INDEX(RN,$AT$17+1,2)/30 -> 1.2333333 | AU22: Online | AZ22: Offline
AU23: Google | AV23: Yahoo | AW23: FB | AX23: Others | AY23: Total | AZ23: Newspaper | BA23: Fair | BB23: Others | BC23: Total | BD23: Grand Total
B24: Destination Effectiveness | AT24: 40269 | AU24: 3661 | AV24: 200 | AX24: 200 | AY24: =SUM(AU24:AX24) -> 4061 | BC24: =SUM(AZ24:BB24) -> 0 | BD24: =BC24+AY24 -> 4061
C25: A&P Cost | D25: RN | E25: Cost/RN | F25: % | AT25: 40299 | AU25: 4928 | AV25: 120 | AX25: 200 | AY25: =SUM(AU25:AX25) -> 5248 | BC25: =SUM(AZ25:BB25) -> 0 | BD25: =BC25+AY25 -> 5248
B26: Sort By | C26: 1 | D26: 2 | E26: 3 | F26: 4 | AT26: 40330 | AU26: 2636 | AV26: 300 | AW26: 372 | AX26: 200 | AY26: =SUM(AU26:AX26) -> 3508 | AZ26: 1000 | BC26: =SUM(AZ26:BB26) -> 1000 | BD26: =BC26+AY26 -> 4508
B27: Sort Order | C27: =IF(mySortCriteria=C26,CHOOSE($AU$118,"▼","▲"),"") | D27: =IF(mySortCriteria=D26,CHOOSE($AU$118,"▼","▲"),"") -> ▲ | E27: =IF(mySortCriteria=E26,CHOOSE($AU$118,"▼","▲"),"") | F27: =IF(mySortCriteria=F26,CHOOSE($AU$118,"▼","▲"),"") | AT27: 40360 | AU27: 1809 | AV27: 200 | AW27: 234 | AX27: 240 | AY27: =SUM(AU27:AX27) -> 2483 | AZ27: 1000 | BC27: =SUM(AZ27:BB27) -> 1000 | BD27: =BC27+AY27 -> 3483
B28: =OFFSET($AZ119,1,0) -> AUSTRALIA | C28: =OFFSET($AZ119,1,1) -> 0 | D28: =OFFSET($AZ119,1,2) -> 0 | E28: =OFFSET($AZ119,1,3) -> 0 | F28: =OFFSET($AZ119,1,4) -> 0 | AT28: 40391 | AU28: 2500 | AV28: 300 | AW28: 1300 | AX28: 300 | AY28: =SUM(AU28:AX28) -> 4400 | BC28: =SUM(AZ28:BB28) -> 0 | BD28: =BC28+AY28 -> 4400
B29: =OFFSET($AZ120,1,0) -> JAPAN | C29: =OFFSET($AZ120,1,1) -> 194.592 | D29: =OFFSET($AZ120,1,2) -> 0 | E29: =OFFSET($AZ120,1,3) -> 0 | F29: =OFFSET($AZ120,1,4) -> 0 | AT29: 40422 | AU29: 2700 | AV29: 500 | AW29: 1500 | AX29: 300 | AY29: =SUM(AU29:AX29) -> 5000 | BC29: =SUM(AZ29:BB29) -> 0 | BD29: =BC29+AY29 -> 5000
B30: =OFFSET($AZ121,1,0) -> PHILLIPINES | C30: =OFFSET($AZ121,1,1) -> 0 | D30: =OFFSET($AZ121,1,2) -> 0 | E30: =OFFSET($AZ121,1,3) -> 0 | F30: =OFFSET($AZ121,1,4) -> 0 | AT30: 40452 | AU30: 3000 | AV30: 450 | AW30: 1600 | AX30: 300 | AY30: =SUM(AU30:AX30) -> 5350 | BC30: =SUM(AZ30:BB30) -> 0 | BD30: =BC30+AY30 -> 5350
B31: =OFFSET($AZ122,1,0) -> TAIWAN | C31: =OFFSET($AZ122,1,1) -> 24.704 | D31: =OFFSET($AZ122,1,2) -> 0 | E31: =OFFSET($AZ122,1,3) -> 0 | F31: =OFFSET($AZ122,1,4) -> 0 | AT31: 40483 | AU31: 3400 | AV31: 500 | AW31: 1650 | AX31: 300 | AY31: =SUM(AU31:AX31) -> 5850 | AZ31: 3000 | BC31: =SUM(AZ31:BB31) -> 3000 | BD31: =BC31+AY31 -> 8850
B32: =OFFSET($AZ123,1,0) -> THAILAND | C32: =OFFSET($AZ123,1,1) -> 413.792 | D32: =OFFSET($AZ123,1,2) -> 0 | E32: =OFFSET($AZ123,1,3) -> 0 | F32: =OFFSET($AZ123,1,4) -> 0 | AT32: 40513 | AU32: 3000 | AV32: 600 | AW32: 1700 | AX32: 300 | AY32: =SUM(AU32:AX32) -> 5600 | BA32: 15000 | BC32: =SUM(AZ32:BB32) -> 15000 | BD32: =BC32+AY32 -> 20600
B33: =OFFSET($AZ124,1,0) -> VIETNAM | C33: =OFFSET($AZ124,1,1) -> 672.32 | D33: =OFFSET($AZ124,1,2) -> 0 | E33: =OFFSET($AZ124,1,3) -> 0 | F33: =OFFSET($AZ124,1,4) -> 0 | AT33: 40544 | AU33: 3500 | AV33: 470 | AW33: 1750 | AX33: 300 | AY33: =SUM(AU33:AX33) -> 6020 | BC33: =SUM(AZ33:BB33) -> 0 | BD33: =BC33+AY33 -> 6020
B34: =OFFSET($AZ125,1,0) -> MALAYSIA_FB | C34: =OFFSET($AZ125,1,1) -> 0 | D34: =OFFSET($AZ125,1,2) -> 0 | E34: =OFFSET($AZ125,1,3) -> 0 | F34: =OFFSET($AZ125,1,4) -> 0 | AT34: 40575 | AU34: 4000 | AV34: 560 | AW34: 1800 | AX34: 300 | AY34: =SUM(AU34:AX34) -> 6660 | BC34: =SUM(AZ34:BB34) -> 0 | BD34: =BC34+AY34 -> 6660
B35: =OFFSET($AZ126,1,0) -> SINGAPORE_FB | C35: =OFFSET($AZ126,1,1) -> 0 | D35: =OFFSET($AZ126,1,2) -> 0 | E35: =OFFSET($AZ126,1,3) -> 0 | F35: =OFFSET($AZ126,1,4) -> 0 | AT35: 40603 | AU35: 4300 | AV35: 600 | AW35: 1900 | AX35: 300 | AY35: =SUM(AU35:AX35) -> 7100 | BC35: =SUM(AZ35:BB35) -> 0 | BD35: =BC35+AY35 -> 7100
B36: =OFFSET($AZ127,1,0) -> MACAU | C36: =OFFSET($AZ127,1,1) -> 206.528 | D36: =OFFSET($AZ127,1,2) -> 2 | E36: =OFFSET($AZ127,1,3) -> 103.264 | F36: =OFFSET($AZ127,1,4) -> 0.39716923 | AU36: =SUM(AU24:AU35) -> 39434 | AV36: =SUM(AV24:AV35) -> 4800 | AW36: =SUM(AW24:AW35) -> 13806 | AX36: =SUM(AX24:AX35) -> 3240 | AY36: =SUM(AY24:AY35) -> 61280 | AZ36: =SUM(AZ24:AZ35) -> 5000 | BA36: =SUM(BA24:BA35) -> 15000 | BB36: =SUM(BB24:BB35) -> 0 | BC36: =SUM(BC24:BC35) -> 20000 | BD36: =BC36+AY36 -> 81280
B37: =OFFSET($AZ128,1,0) -> CHINA | C37: =OFFSET($AZ128,1,1) -> 195.008 | D37: =OFFSET($AZ128,1,2) -> 3 | E37: =OFFSET($AZ128,1,3) -> 65.002667 | F37: =OFFSET($AZ128,1,4) -> 0.25001026
B38: =OFFSET($AZ129,1,0) -> INDONESIA | C38: =OFFSET($AZ129,1,1) -> 740.64 | D38: =OFFSET($AZ129,1,2) -> 4 | E38: =OFFSET($AZ129,1,3) -> 185.16 | F38: =OFFSET($AZ129,1,4) -> 0.71215385 | AT38: To show pie
B39: =OFFSET($AZ130,1,0) -> HONG KONG | C39: =OFFSET($AZ130,1,1) -> 211.072 | D39: =OFFSET($AZ130,1,2) -> 6 | E39: =OFFSET($AZ130,1,3) -> 35.178667 | F39: =OFFSET($AZ130,1,4) -> 0.13530256 | AU39: Google | AV39: Yahoo | AW39: FB | AX39: Online Oths | AY39: Newspaper | AZ39: Fair | BA39: Offline Oths
B40: =OFFSET($AZ131,1,0) -> MALAYSIA | C40: =OFFSET($AZ131,1,1) -> 597.824 | D40: =OFFSET($AZ131,1,2) -> 11 | E40: =OFFSET($AZ131,1,3) -> 54.347636 | F40: =OFFSET($AZ131,1,4) -> 0.20902937 | AT40: =INDEX(AP,$AT$17+1,1) -> 40299 | AU40: =INDEX(AP,$AT$17+1,2) -> 4928 | AV40: =INDEX(AP,$AT$17+1,3) -> 120 | AW40: =INDEX(AP,$AT$17+1,4) -> 0 | AX40: =INDEX(AP,$AT$17+1,5) -> 200 | AY40: =INDEX(AP,$AT$17+1,7) -> 0 | AZ40: =INDEX(AP,$AT$17+1,8) -> 0 | BA40: =INDEX(AP,$AT$17+1,9) -> 0
B41: =OFFSET($AZ132,1,0) -> SINGAPORE | C41: =OFFSET($AZ132,1,1) -> 1671.36 | D41: =OFFSET($AZ132,1,2) -> 11 | E41: =OFFSET($AZ132,1,3) -> 151.94182 | F41: =OFFSET($AZ132,1,4) -> 0.58439161
B42: Note:
B43: =CONCATENATE("The Cost/RN benchmark is ",AV135) -> The Cost/RN benchmark is 10 | AL43: Last Updated as of : | AM43: =NOW() -> 44854.703 | AT43: To show YTD
AU44: Google | AV44: Yahoo | AW44: FB | AX44: Online Oths | AY44: Newspaper | AZ44: Fair | BA44: Offline Oths
AT45: Total | AU45: =AU36 -> 39434 | AV45: =AV36 -> 4800 | AW45: =AW36 -> 13806 | AX45: =AX36 -> 3240 | AY45: =AZ36 -> 5000 | AZ45: =BA36 -> 15000 | BA45: =BB36 -> 0
AT47: To show A&P% Trend
AU48: RN | AV48: GOR | AW48: A&P | AX48: A&P% | AY48: Cost/RN | AZ48: Diff fr pr m
AT49: 40269 | AU49: =AU4 -> 25 | AV49: =AU4*parameters!$C$4 -> 6500 | AW49: =BD24 -> 4061 | AX49: =AW49/AV49 -> 0.62476923 | AY49: =AW49/AU49 -> 162.44
AT50: 40299 | AU50: =AU5 -> 37 | AV50: =AU5*parameters!$C$4 -> 9620 | AW50: =BD25 -> 5248 | AX50: =AW50/AV50 -> 0.54553015 | AY50: =AW50/AU50 -> 141.83784 | AZ50: =(AV50-AV49)/AV49 -> 0.48
AT51: 40330 | AU51: =AU6 -> 68 | AV51: =AU6*parameters!$C$4 -> 17680 | AW51: =BD26 -> 4508 | AX51: =AW51/AV51 -> 0.25497738 | AY51: =AW51/AU51 -> 66.294118 | AZ51: =(AV51-AV50)/AV50 -> 0.83783784
AT52: 40360 | AU52: =AU7 -> 32 | AV52: =AU7*parameters!$C$4 -> 8320 | AW52: =BD27 -> 3483 | AX52: =AW52/AV52 -> 0.41862981 | AY52: =AW52/AU52 -> 108.84375 | AZ52: =(AV52-AV51)/AV51 -> -0.52941176
AT53: 40391 | AU53: =AU8 -> 60 | AV53: =AU8*parameters!$C$4 -> 15600 | AW53: =BD28 -> 4400 | AX53: =AW53/AV53 -> 0.28205128 | AY53: =AW53/AU53 -> 73.333333 | AZ53: =(AV53-AV52)/AV52 -> 0.875
AT54: 40422 | AU54: =AU9 -> 86 | AV54: =AU9*parameters!$C$4 -> 22360 | AW54: =BD29 -> 5000 | AX54: =AW54/AV54 -> 0.2236136 | AY54: =AW54/AU54 -> 58.139535 | AZ54: =(AV54-AV53)/AV53 -> 0.43333333
AT55: 40452 | AU55: =AU10 -> 120 | AV55: =AU10*parameters!$C$4 -> 31200 | AW55: =BD30 -> 5350 | AX55: =AW55/AV55 -> 0.17147436 | AY55: =AW55/AU55 -> 44.583333 | AZ55: =(AV55-AV54)/AV54 -> 0.39534884
AT56: 40483 | AU56: =AU11 -> 350 | AV56: =AU11*parameters!$C$4 -> 91000 | AW56: =BD31 -> 8850 | AX56: =AW56/AV56 -> 0.097252747 | AY56: =AW56/AU56 -> 25.285714 | AZ56: =(AV56-AV55)/AV55 -> 1.9166667
AT57: 40513 | AU57: =AU12 -> 900 | AV57: =AU12*parameters!$C$4 -> 234000 | AW57: =BD32 -> 20600 | AX57: =AW57/AV57 -> 0.088034188 | AY57: =AW57/AU57 -> 22.888889 | AZ57: =(AV57-AV56)/AV56 -> 1.5714286
AT58: 40544 | AU58: =AU13 -> 790 | AV58: =AU13*parameters!$C$4 -> 205400 | AW58: =BD33 -> 6020 | AX58: =AW58/AV58 -> 0.029308666 | AY58: =AW58/AU58 -> 7.6202532 | AZ58: =(AV58-AV57)/AV57 -> -0.12222222
AT59: 40575 | AU59: =AU14 -> 678 | AV59: =AU14*parameters!$C$4 -> 176280 | AW59: =BD34 -> 6660 | AX59: =AW59/AV59 -> 0.037780803 | AY59: =AW59/AU59 -> 9.8230088 | AZ59: =(AV59-AV58)/AV58 -> -0.14177215
AT60: 40603 | AU60: =AU15 -> 900 | AV60: =AU15*parameters!$C$4 -> 234000 | AW60: =BD35 -> 7100 | AX60: =AW60/AV60 -> 0.03034188 | AY60: =AW60/AU60 -> 7.8888889 | AZ60: =(AV60-AV59)/AV59 -> 0.32743363
AT62: For top message, Sales is XX up or down from previous month
AT63: =INDEX(APpercent,$AT$17+1,1) -> 40299 | AU63: =INDEX(APpercent,$AT$17+1,7) -> 0.48
AT65: Destination Effectiveness - Cost (RM)
AU66: AUSTRALIA | AV66: CHINA | AW66: HONG KONG | AX66: INDONESIA | AY66: JAPAN | AZ66: MACAU | BA66: MALAYSIA | BB66: PHILLIPINES | BC66: SINGAPORE | BD66: TAIWAN | BE66: THAILAND | BF66: VIETNAM | BG66: MALAYSIA_FB | BH66: SINGAPORE_FB | BJ66: Total
AT67: 40269 | AU67: 0 | AV67: 112 | AW67: 211.2 | AX67: 0 | AY67: 20 | AZ67: 166.4 | BA67: 553.6 | BB67: 0 | BC67: 1024 | BD67: 1 | BE67: 492.8 | BF67: 720 | BJ67: =SUM(AU67:BH67) -> 3301
AT68: 40299 | AU68: 0 | AV68: 195.008 | AW68: 211.072 | AX68: 740.64 | AY68: 194.592 | AZ68: 206.528 | BA68: 597.824 | BB68: 0 | BC68: 1671.36 | BD68: 24.704 | BE68: 413.792 | BF68: 672.32 | BJ68: =SUM(AU68:BH68) -> 4927.84
AT69: 40330 | AU69: 0 | AV69: 26.944 | AW69: 49.408 | AX69: 8.864 | AY69: 7.296 | AZ69: 169.568 | BA69: 593.92 | BB69: 0 | BC69: 1249.76 | BD69: 4.096 | BE69: 475.136 | BF69: 51.232 | BJ69: =SUM(AU69:BH69) -> 2636.224
AT70: 40360 | AU70: 0 | AV70: 0.192 | AW70: 29.856 | AX70: 2.336 | AY70: 10.56 | AZ70: 42.336 | BA70: 540.864 | BB70: 0 | BC70: 874.72 | BD70: 1.088 | BE70: 307.52 | BF70: 0 | BG70: 441.28 | BH70: 786.048 | BJ70: =SUM(AU70:BH70) -> 3036.8
AT71: 40391 | AU71: =AU$82*$BD28 -> 26.4 | AV71: =AV$82*$BD28 -> 26.4 | AW71: =AW$82*$BD28 -> 528 | AX71: =AX$82*$BD28 -> 1320 | AY71: =AY$82*$BD28 -> 26.4 | AZ71: =AZ$82*$BD28 -> 455.17241 | BA71: =BA$82*$BD28 -> 528 | BB71: =BB$82*$BD28 -> 26.4 | ... BF71: =BF$82*$BD28 -> 26.4 | BJ71: =SUM(AU71:BH71) -> 4529.5724
AT72: 40422 | AU72: =AU$82*$BD29 -> 30 | AV72: =AV$82*$BD29 -> 30 | AW72: =AW$82*$BD29 -> 600 | AX72: =AX$82*$BD29 -> 1500 | AY72: =AY$82*$BD29 -> 30 | AZ72: =AZ$82*$BD29 -> 517.24138 | BA72: =BA$82*$BD29 -> 600 | BB72: =BB$82*$BD29 -> 30 | ... BF72: =BF$82*$BD29 -> 30 | BJ72: =SUM(AU72:BH72) -> 5147.2414
AT73: 40452 | AU73: =AU$82*$BD30 -> 32.1 | AV73: =AV$82*$BD30 -> 32.1 | AW73: =AW$82*$BD30 -> 642 | AX73: =AX$82*$BD30 -> 1605 | AY73: =AY$82*$BD30 -> 32.1 | AZ73: =AZ$82*$BD30 -> 553.44828 | BA73: =BA$82*$BD30 -> 642 | BB73: =BB$82*$BD30 -> 32.1 | ... BF73: =BF$82*$BD30 -> 32.1 | BJ73: =SUM(AU73:BH73) -> 5507.5483
AT74: 40483 | AU74: =AU$82*$BD31 -> 53.1 | AV74: =AV$82*$BD31 -> 53.1 | AW74: =AW$82*$BD31 -> 1062 | AX74: =AX$82*$BD31 -> 2655 | AY74: =AY$82*$BD31 -> 53.1 | AZ74: =AZ$82*$BD31 -> 915.51724 | BA74: =BA$82*$BD31 -> 1062 | BB74: =BB$82*$BD31 -> 53.1 | ... BF74: =BF$82*$BD31 -> 53.1 | BJ74: =SUM(AU74:BH74) -> 9110.6172
AT75: 40513 | AU75: =AU$82*$BD32 -> 123.6 | AV75: =AV$82*$BD32 -> 123.6 | AW75: =AW$82*$BD32 -> 2472 | AX75: =AX$82*$BD32 -> 6180 | AY75: =AY$82*$BD32 -> 123.6 | AZ75: =AZ$82*$BD32 -> 2131.0345 | BA75: =BA$82*$BD32 -> 2472 | BB75: =BB$82*$BD32 -> 123.6 | ... BF75: =BF$82*$BD32 -> 123.6 | BJ75: =SUM(AU75:BH75) -> 21206.634
AT76: 40544 | AU76: =AU$82*$BD33 -> 36.12 | AV76: =AV$82*$BD33 -> 36.12 | AW76: =AW$82*$BD33 -> 722.4 | AX76: =AX$82*$BD33 -> 1806 | AY76: =AY$82*$BD33 -> 36.12 | AZ76: =AZ$82*$BD33 -> 622.75862 | BA76: =BA$82*$BD33 -> 722.4 | BB76: =BB$82*$BD33 -> 36.12 | ... BF76: =BF$82*$BD33 -> 36.12 | BJ76: =SUM(AU76:BH76) -> 6197.2786
AT77: 40575 | AU77: =AU$82*$BD34 -> 39.96 | AV77: =AV$82*$BD34 -> 39.96 | AW77: =AW$82*$BD34 -> 799.2 | AX77: =AX$82*$BD34 -> 1998 | AY77: =AY$82*$BD34 -> 39.96 | AZ77: =AZ$82*$BD34 -> 688.96552 | BA77: =BA$82*$BD34 -> 799.2 | BB77: =BB$82*$BD34 -> 39.96 | ... BF77: =BF$82*$BD34 -> 39.96 | BJ77: =SUM(AU77:BH77) -> 6856.1255
AT78: 40603 | AU78: =AU$82*$BD35 -> 42.6 | AV78: =AV$82*$BD35 -> 42.6 | AW78: =AW$82*$BD35 -> 852 | AX78: =AX$82*$BD35 -> 2130 | AY78: =AY$82*$BD35 -> 42.6 | AZ78: =AZ$82*$BD35 -> 734.48276 | BA78: =BA$82*$BD35 -> 852 | BB78: =BB$82*$BD35 -> 42.6 | ... BF78: =BF$82*$BD35 -> 42.6 | BJ78: =SUM(AU78:BH78) -> 7309.0828
AT79: Total | AU79: =SUM(AU67:AU78) -> 383.88 | AV79: =SUM(AV67:AV78) -> 718.024 | AW79: =SUM(AW67:AW78) -> 8179.136 | AX79: =SUM(AX67:AX78) -> 19945.84 | AY79: =SUM(AY67:AY78) -> 616.328 | AZ79: =SUM(AZ67:AZ78) -> 7203.4527 | BA79: =SUM(BA67:BA78) -> 9963.808 | BB79: =SUM(BB67:BB78) -> 383.88 | ... BF79: =SUM(BF67:BF78) -> 1827.432 | BJ79: =SUM(BJ67:BJ78) -> 79765.965
AT81: Room Nights By Destination
AU82: 0.006 | AV82: 0.006 | AW82: 0.12 | AX82: 0.3 | AY82: 0.006 | AZ82: 0.10344828 | BA82: 0.12 | BB82: 0.006 | BC82: 0.2 | BD82: 0.006 | BE82: 0.15 | BF82: 0.006
AU83: AUSTRALIA | AV83: CHINA | AW83: HONG KONG | AX83: INDONESIA | AY83: JAPAN | AZ83: MACAU | BA83: MALAYSIA | BB83: PHILLIPINES | BC83: SINGAPORE | BD83: TAIWAN | BE83: THAILAND | BF83: VIETNAM | BG83: MALAYSIA_FB | BH83: SINGAPORE_FB | BJ83: Total
AT84: 40269 | AU84: 0 | AV84: 0 | AW84: 0 | AX84: 1 | AY84: 3 | AZ84: 2 | BA84: 13 | BB84: 0 | BC84: 6 | BD84: 0 | BE84: 0 | BF84: 0 | BJ84: =SUM(AU84:BI84) -> 25
AT85: 40299 | AU85: 0 | AV85: 3 | AW85: 6 | AX85: 4 | AY85: 0 | AZ85: 2 | BA85: 11 | BB85: 0 | BC85: 11 | BD85: 0 | BE85: 0 | BF85: 0 | BJ85: =SUM(AU85:BI85) -> 37
AT86: 40330 | AU86: 0 | AV86: 0 | AW86: 0 | AX86: 0 | AY86: 0 | AZ86: 1 | BA86: 21 | BB86: 0 | BC86: 17 | BD86: 0 | BE86: 17 | BF86: 12 | BJ86: =SUM(AU86:BI86) -> 68
AT87: 40360 | AU87: 0 | AV87: 0 | AW87: 0 | AX87: 0 | AY87: 3 | AZ87: 2 | BA87: 4 | BB87: 0 | BC87: 23 | BD87: 0 | BE87: 0 | BF87: 0 | BJ87: =SUM(AU87:BI87) -> 32
AT88: 40391 | AU88: =AU$82*$AU$8 -> 0.36 | AV88: =AV82*$AU$8 -> 0.36 | AW88: =AW82*$AU$8 -> 7.2 | AX88: =AX82*$AU$8 -> 18 | AY88: =AY82*$AU$8 -> 0.36 | AZ88: =AZ82*$AU$8 -> 6.2068966 | BA88: =BA82*$AU$8 -> 7.2 | BB88: =BB82*$AU$8 -> 0.36 | BC88: =BC82*$AU$8 -> 12 | ... BF88: =BF82*$AU$8 -> 0.36 | BJ88: =SUM(AU88:BI88) -> 61.766897
AT89: 40422 | AU89: =AU$82*$AU9 -> 0.516 | AV89: =AV$82*$AU9 -> 0.516 | AW89: =AW$82*$AU9 -> 10.32 | AX89: =AX$82*$AU9 -> 25.8 | AY89: =AY$82*$AU9 -> 0.516 | AZ89: =AZ$82*$AU9 -> 8.8965517 | BA89: =BA$82*$AU9 -> 10.32 | BB89: =BB$82*$AU9 -> 0.516 | ... BF89: =BF$82*$AU9 -> 0.516 | BJ89: =SUM(AU89:BI89) -> 88.532552
AT90: 40452 | AU90: =AU$82*$AU10 -> 0.72 | AV90: =AV$82*$AU10 -> 0.72 | AW90: =AW$82*$AU10 -> 14.4 | AX90: =AX$82*$AU10 -> 36 | AY90: =AY$82*$AU10 -> 0.72 | AZ90: =AZ$82*$AU10 -> 12.413793 | BA90: =BA$82*$AU10 -> 14.4 | BB90: =BB$82*$AU10 -> 0.72 | ... BF90: =BF$82*$AU10 -> 0.72 | BJ90: =SUM(AU90:BI90) -> 123.53379
AT91: 40483 | AU91: =AU$82*$AU11 -> 2.1 | AV91: =AV$82*$AU11 -> 2.1 | AW91: =AW$82*$AU11 -> 42 | AX91: =AX$82*$AU11 -> 105 | AY91: =AY$82*$AU11 -> 2.1 | AZ91: =AZ$82*$AU11 -> 36.206897 | BA91: =BA$82*$AU11 -> 42 | BB91: =BB$82*$AU11 -> 2.1 | ... BF91: =BF$82*$AU11 -> 2.1 | BJ91: =SUM(AU91:BI91) -> 360.3069
AT92: 40513 | AU92: =AU$82*$AU12 -> 5.4 | AV92: =AV$82*$AU12 -> 5.4 | AW92: =AW$82*$AU12 -> 108 | AX92: =AX$82*$AU12 -> 270 | AY92: =AY$82*$AU12 -> 5.4 | AZ92: =AZ$82*$AU12 -> 93.103448 | BA92: =BA$82*$AU12 -> 108 | BB92: =BB$82*$AU12 -> 5.4 | ... BF92: =BF$82*$AU12 -> 5.4 | BJ92: =SUM(AU92:BI92) -> 926.50345
AT93: 40544 | AU93: =AU$82*$AU13 -> 4.74 | AV93: =AV$82*$AU13 -> 4.74 | AW93: =AW$82*$AU13 -> 94.8 | AX93: =AX$82*$AU13 -> 237 | AY93: =AY$82*$AU13 -> 4.74 | AZ93: =AZ$82*$AU13 -> 81.724138 | BA93: =BA$82*$AU13 -> 94.8 | BB93: =BB$82*$AU13 -> 4.74 | ... BF93: =BF$82*$AU13 -> 4.74 | BJ93: =SUM(AU93:BI93) -> 813.26414
AT94: 40575 | AU94: =AU$82*$AU14 -> 4.068 | AV94: =AV$82*$AU14 -> 4.068 | AW94: =AW$82*$AU14 -> 81.36 | AX94: =AX$82*$AU14 -> 203.4 | AY94: =AY$82*$AU14 -> 4.068 | AZ94: =AZ$82*$AU14 -> 70.137931 | BA94: =BA$82*$AU14 -> 81.36 | BB94: =BB$82*$AU14 -> 4.068 | ... BF94: =BF$82*$AU14 -> 4.068 | BJ94: =SUM(AU94:BI94) -> 697.96593
AT95: 40603 | AU95: =AU$82*$AU15 -> 5.4 | AV95: =AV$82*$AU15 -> 5.4 | AW95: =AW$82*$AU15 -> 108 | AX95: =AX$82*$AU15 -> 270 | AY95: =AY$82*$AU15 -> 5.4 | AZ95: =AZ$82*$AU15 -> 93.103448 | BA95: =BA$82*$AU15 -> 108 | BB95: =BB$82*$AU15 -> 5.4 | ... BF95: =BF$82*$AU15 -> 5.4 | BJ95: =SUM(AU95:BI95) -> 926.50345
AT96: Total | AU96: =SUM(AU84:AU95) -> 23.304 | AV96: =SUM(AV84:AV95) -> 26.304 | AW96: =SUM(AW84:AW95) -> 472.08 | AX96: =SUM(AX84:AX95) -> 1170.2 | AY96: =SUM(AY84:AY95) -> 29.304 | AZ96: =SUM(AZ84:AZ95) -> 408.7931 | BA96: =SUM(BA84:BA95) -> 515.08 | BB96: =SUM(BB84:BB95) -> 23.304 | ... BF96: =SUM(BF84:BF95) -> 35.304 | BJ96: =SUM(AU96:BF96) -> 4160.3771
AT99: To draw chart
AT100: =INDEX(APpercent,$AT$17+1,1) -> 40299 | AU100: A&P Cost | AV100: RN | AW100: Cost/RN | AX100: %
AS101: 1 | AT101: AUSTRALIA | AU101: =INDEX(DMC_AP,$AT$17+1,1) -> 0 | AV101: =INDEX(DMC_RN,$AT$17+1,2) -> 0 | AW101: =IF(ISERROR(AU101/AV101),0,AU101/AV101) -> 0 | AX101: =IF(ISERROR(AU101/(AV101*parameters!$C$4)),0,AU101/(AV101*parameters!$C$4)) -> 0
AS102: 2 | AT102: CHINA | AU102: =INDEX(DMC_AP,$AT$17+1,2) -> 195.008 | AV102: =INDEX(DMC_RN,$AT$17+1,3) -> 3 | AW102: =IF(ISERROR(AU102/AV102),0,AU102/AV102) -> 65.002667 | AX102: =IF(ISERROR(AU102/(AV102*parameters!$C$4)),0,AU102/(AV102*parameters!$C$4)) -> 0.25001026
AS103: 3 | AT103: HONG KONG | AU103: =INDEX(DMC_AP,$AT$17+1,3) -> 211.072 | AV103: =INDEX(DMC_RN,$AT$17+1,4) -> 6 | AW103: =IF(ISERROR(AU103/AV103),0,AU103/AV103) -> 35.178667 | AX103: =IF(ISERROR(AU103/(AV103*parameters!$C$4)),0,AU103/(AV103*parameters!$C$4)) -> 0.13530256
AS104: 4 | AT104: INDONESIA | AU104: =INDEX(DMC_AP,$AT$17+1,4) -> 740.64 | AV104: =INDEX(DMC_RN,$AT$17+1,5) -> 4 | AW104: =IF(ISERROR(AU104/AV104),0,AU104/AV104) -> 185.16 | AX104: =IF(ISERROR(AU104/(AV104*parameters!$C$4)),0,AU104/(AV104*parameters!$C$4)) -> 0.71215385
AS105: 5 | AT105: JAPAN | AU105: =INDEX(DMC_AP,$AT$17+1,5) -> 194.592 | AV105: =INDEX(DMC_RN,$AT$17+1,6) -> 0 | AW105: =IF(ISERROR(AU105/AV105),0,AU105/AV105) -> 0 | AX105: =IF(ISERROR(AU105/(AV105*parameters!$C$4)),0,AU105/(AV105*parameters!$C$4)) -> 0
AS106: 6 | AT106: MACAU | AU106: =INDEX(DMC_AP,$AT$17+1,6) -> 206.528 | AV106: =INDEX(DMC_RN,$AT$17+1,7) -> 2 | AW106: =IF(ISERROR(AU106/AV106),0,AU106/AV106) -> 103.264 | AX106: =IF(ISERROR(AU106/(AV106*parameters!$C$4)),0,AU106/(AV106*parameters!$C$4)) -> 0.39716923
AS107: 7 | AT107: MALAYSIA | AU107: =INDEX(DMC_AP,$AT$17+1,7) -> 597.824 | AV107: =INDEX(DMC_RN,$AT$17+1,8) -> 11 | AW107: =IF(ISERROR(AU107/AV107),0,AU107/AV107) -> 54.347636 | AX107: =IF(ISERROR(AU107/(AV107*parameters!$C$4)),0,AU107/(AV107*parameters!$C$4)) -> 0.20902937
AS108: 8 | AT108: PHILLIPINES | AU108: =INDEX(DMC_AP,$AT$17+1,8) -> 0 | AV108: =INDEX(DMC_RN,$AT$17+1,9) -> 0 | AW108: =IF(ISERROR(AU108/AV108),0,AU108/AV108) -> 0 | AX108: =IF(ISERROR(AU108/(AV108*parameters!$C$4)),0,AU108/(AV108*parameters!$C$4)) -> 0
...

Sheet parameters
B2: Site : | C2: Sample Travel Site | G2: Data Table
B3: Month : | G3: 1. Daily A&P spend table including Google, Yahoo, FB, Ads, others BY Destination
B4: Avg Rate | C4: 260 | G4: 2. Daily RN by Destination
G5: 3. Daily Traffics
B6: Bad | C6: 0.5
B7: Ok | C7: 0.8 | G7: ─ | H7: ┼ | I7: ▐ | J7: ▐
B9: Cost/RN Benchmark | C9: 10 | D9: If the Cost per room night is higher this number, the city is highlighted
B11: AUSTRALIA
B12: CHINA
B13: HONG KONG
B14: INDONESIA
B15: JAPAN
B16: MACAU
B17: MALAYSIA
B18: PHILLIPINES
B19: SINGAPORE
B20: TAIWAN
B21: THAILAND
B22: VIETNAM
