Workbook

Sheet WeeklyToDoList
C3: Weekly To Do List
D5: Monday | G5: Tuesday | J5: Wednesday | M5: Thursday
C7: TRUE | D7: Activity 01 | F7: TRUE | G7: Activity 01 | I7: TRUE | J7: Activity 01 | L7: FALSE
C8: TRUE | D8: Activity 02 | F8: TRUE | G8: Activity 02 | I8: TRUE | J8: Activity 02 | L8: FALSE
C9: FALSE | D9: Activity 03 | F9: FALSE | I9: TRUE | J9: Activity 03 | L9: FALSE
C10: TRUE | D10: Activity 04 | F10: FALSE | I10: FALSE | J10: Activity 04 | L10: FALSE
C11: FALSE | F11: FALSE | I11: FALSE | J11: Activity 05 | L11: FALSE
C12: FALSE | F12: FALSE | I12: FALSE | J12: Activity 06 | L12: FALSE
C13: FALSE | F13: FALSE | I13: FALSE | L13: FALSE
C14: FALSE | F14: FALSE | I14: FALSE | L14: FALSE
C15: FALSE | F15: FALSE | I15: FALSE | L15: FALSE
C16: FALSE | F16: FALSE | I16: FALSE | L16: FALSE
D18: Friday | G18: Saturday | J18: Sunday | M18: Notes
C20: FALSE | F20: FALSE | I20: FALSE
C21: FALSE | F21: FALSE | I21: FALSE
C22: FALSE | F22: FALSE | I22: FALSE
C23: FALSE | F23: FALSE | I23: FALSE
C24: FALSE | F24: FALSE | I24: FALSE
C25: FALSE | F25: FALSE | I25: FALSE
C26: FALSE | F26: FALSE | I26: FALSE
C27: FALSE | F27: FALSE | I27: FALSE
C28: FALSE | F28: FALSE | I28: FALSE
C29: FALSE | F29: FALSE | I29: FALSE

Sheet Support
B2: Progress
F3: Progress | G3: %
B4: =WeeklyToDoList!D5 -> Monday | C4: =COUNTIF(WeeklyToDoList!C7:C16,TRUE)&" / "&COUNTA(WeeklyToDoList!D7:D16) -> 3 / 4 | D4: =COUNTIF(WeeklyToDoList!C7:C16,TRUE) -> 3 | E4: =COUNTA(WeeklyToDoList!D7:D16) -> 4 | F4: =IFERROR(D4/E4,0) -> 0.75 | G4: =IFERROR(IF(D4>E4,1,1-F4),0) -> 0.25
B5: =WeeklyToDoList!G5 -> Tuesday | C5: =COUNTIF(WeeklyToDoList!F7:F16,TRUE)&" / "&COUNTA(WeeklyToDoList!G7:G16) -> 2 / 2 | D5: =COUNTIF(WeeklyToDoList!F7:F16,TRUE) -> 2 | E5: =COUNTA(WeeklyToDoList!G7:G16) -> 2 | F5: =IFERROR(D5/E5,0) -> 1 | G5: =IFERROR(IF(D5>E5,1,1-F5),0) -> 0
B6: =WeeklyToDoList!J5 -> Wednesday | C6: =COUNTIF(WeeklyToDoList!$I$7:$I$16,TRUE)&" / "&COUNTA(WeeklyToDoList!$J$7:$J$16) -> 3 / 6 | D6: =COUNTIF(WeeklyToDoList!$I$7:$I$16,TRUE) -> 3 | E6: =COUNTA(WeeklyToDoList!$J$7:$J$16) -> 6 | F6: =IFERROR(D6/E6,0) -> 0.5 | G6: =IFERROR(IF(D6>E6,1,1-F6),0) -> 0.5
B7: =WeeklyToDoList!M5 -> Thursday | C7: =COUNTIF(WeeklyToDoList!L7:L16,TRUE)&" / "&COUNTA(WeeklyToDoList!M7:M16) -> 0 / 0 | D7: =COUNTIF(WeeklyToDoList!L7:L16,TRUE) -> 0 | E7: =COUNTA(WeeklyToDoList!M7:M16) -> 0 | F7: =IFERROR(D7/E7,0) -> 0 | G7: =IFERROR(IF(D7>E7,1,1-F7),0) -> 1
B8: =WeeklyToDoList!D18 -> Friday | C8: =COUNTIF(WeeklyToDoList!C20:C29,TRUE)&" / "&COUNTA(WeeklyToDoList!D20:D29) -> 0 / 0 | D8: =COUNTIF(WeeklyToDoList!C20:C29,TRUE) -> 0 | E8: =COUNTA(WeeklyToDoList!D20:D29) -> 0 | F8: =IFERROR(D8/E8,0) -> 0 | G8: =IFERROR(IF(D8>E8,1,1-F8),0) -> 1
B9: =WeeklyToDoList!G18 -> Saturday | C9: =COUNTIF(WeeklyToDoList!F20:F29,TRUE)&" / "&COUNTA(WeeklyToDoList!G20:G29) -> 0 / 0 | D9: =COUNTIF(WeeklyToDoList!F20:F29,TRUE) -> 0 | E9: =COUNTA(WeeklyToDoList!G20:G29) -> 0 | F9: =IFERROR(D9/E9,0) -> 0 | G9: =IFERROR(IF(D9>E9,1,1-F9),0) -> 1
B10: =WeeklyToDoList!J18 -> Sunday | C10: =COUNTIF(WeeklyToDoList!I20:I29,TRUE)&" / "&COUNTA(WeeklyToDoList!J20:J29) -> 0 / 0 | D10: =COUNTIF(WeeklyToDoList!I20:I29,TRUE) -> 0 | E10: =COUNTA(WeeklyToDoList!J20:J29) -> 0 | F10: =IFERROR(D10/E10,0) -> 0 | G10: =IFERROR(IF(D10>E10,1,1-F10),0) -> 1
